Spot #,Position 1,Position 2,Pot Type,Hand,Board
1,BTN,BB,SRP,Kh4h,3s4s5c6d2h
2,UTG,BB,SRP,Ah6h,Ad7d4h2d4c
3,SB,BB,SRP,Kd7d,6d7s5h9d7c
4,BB,BTN,SRP,Qd8d,2hKc7sKd8c
5,BB,SB,3BP,Ad5s,6c9d5dQd5h
6,SB,BB,3BP,JhTh,Kh4h7s3s4d
7,CO,BB,SRP,AhTs,7d8h4c2sQh
8,UTG,BTN,3BP,7d7h,2cAcTcKh7c
9,SB,BTN,SRP,AhJh,7sAsKd7d2c
10,HJ,BTN,3BP,Ah9h,QdQhAc4dTs
11,SB,BB,SRP,QdJd,Jh6h6sKs3d
12,BTN,CO,3BP,Jh9h,8dAdTdThJd
13,CO,HJ,3BP,TdTc,7dJd8h7h4h
14,CO,BB,SRP,AsQh,Jd2d8d4c4d
15,HJ,BTN,SRP,KsJc,Kh8h3s8s7s
16,CO,BB,4BP,AcAh,Qh9d6h9cJh
17,BTN,BB,SRP,Ks9d,3hKdAh4hQc
18,UTG,CO,SRP,9c9h,6sThKsQs5h
19,CO,BB,3BP,QdJd,JsKhThJh4c
20,CO,SB,3BP,QcJc,6hQh9cQd5h
21,BTN,SB,SRP,5s4s,9s4h2h4dAd
22,CO,SB,3BP,KhJh,3s6d7s9dTh
23,SB,CO,SRP,AcTc,5sQs7s5hJs
24,UTG,BB,SRP,Tc9c,5h7s9d8c9h
25,CO,BB,4BP,Ac2c,6sQcTsKsJh
26,HJ,BB,3BP,9h9d,Kh2s9sQcAd
27,CO,HJ,3BP,8h8d,4h3cKsKh6h
28,BB,BTN,SRP,QhTh,Qs8d5dAs5c
29,BTN,BB,SRP,Qc5c,Jh4h8d8hJs
30,CO,BB,3BP,KcJc,5d6cAs2c4c
31,BB,BTN,4BP,AdKd,2c9c7d5s6s
32,BTN,BB,SRP,Ah4d,4s2s2dKhJs
33,BB,SB,SRP,Kd3d,JhAdQsAs2c
34,UTG,BB,3BP,7c7h,Jc9h9dTs9c
35,HJ,BTN,SRP,AdJh,9s3d9hAh6h
36,SB,BB,SRP,Ks6s,KhTd6cJd8d
37,BB,BTN,SRP,7c4c,8sTs6dKdQc
38,BTN,BB,3BP,JsJc,4d3dTs9s5c
39,UTG,BB,SRP,JcTc,KdAd4dJd9s
40,CO,HJ,4BP,9d9s,4sQsTs4dKh
41,UTG,BB,SRP,QcTc,AcAs4c2c3s
42,UTG,BTN,SRP,Kd6d,Kc3hKh6s2s
43,SB,BTN,3BP,AcJs,KhQc7hAhKs
44,SB,CO,SRP,KhJh,4hAdQcJd6c
45,HJ,UTG,SRP,AdJd,4sKcKh2h8h
46,CO,BB,SRP,7d8d,JsThKh8sAs
47,CO,BTN,3BP,4d4c,Kc4h7sQsAs
48,CO,SB,3BP,JsTs,TcQc3d8s8c
49,HJ,SB,SRP,KdTs,KcQc8d7cJd
50,BB,BTN,SRP,Ac7h,Qh8hThJcJh
51,SB,HJ,3BP,AdJd,3sAhTd5c5s
52,CO,BTN,4BP,AhKh,JhQc5hQs2d
53,BTN,SB,3BP,Ac4c,Kd5d9cJhTc
54,BTN,HJ,3BP,AsJd,8dAh2c6h3d
55,BTN,BB,SRP,9d8d,Td9hAdQh4d
56,SB,BB,4BP,AdKd,JdKc2c4sTc
57,SB,BTN,4BP,Ts9s,9c4cJh5h6s
58,HJ,BTN,3BP,TcTs,7d7sTh7c5s
59,CO,BTN,SRP,AdQc,Kh7c5s7d8h
60,BTN,SB,SRP,7d5d,Td4c3h3dTc
61,SB,CO,4BP,9h9d,2h4cQs8c9c
62,CO,BB,SRP,8s8c,Qc5sKhKcTd
63,CO,BTN,SRP,Ts8s,Qc2s3cTcAd
64,CO,SB,SRP,KdTs,5dAsTh8cJd
65,BB,HJ,3BP,QsJs,5hThTs3sKs
66,BTN,BB,SRP,7h7c,2s8d7s9hKc
67,BB,HJ,SRP,Qh9h,Ah3c7h4s4d
68,SB,BTN,SRP,KdQd,2s9hKs6sKh
69,BTN,SB,3BP,Ts8s,4c8d7c3s5d
70,SB,BB,SRP,Kh3h,6h6s5hAsAc
71,SB,BTN,SRP,AsJs,3cKh2s5s4s
72,CO,BB,3BP,AsQs,9s5hKdKs9h
73,HJ,BTN,SRP,Qs9s,4c5h7h2c6d
74,BB,CO,3BP,QcJc,5hJsTdTs8d
75,CO,BB,SRP,KhKc,5d4s9hQs9s
76,BTN,SB,SRP,AsQs,TcQhAc8sKh
77,HJ,BTN,3BP,Ad9d,Qc2d7s9cQh
78,CO,BTN,SRP,KcJs,5h6hAdKsTs
79,CO,BTN,3BP,JhJs,2d8sJc4d2c
80,BTN,HJ,3BP,KcTc,9c7cQd3h5d
81,BTN,BB,SRP,Qd9h,ThKdAd9cTs
82,SB,BB,SRP,Qc7c,3h9c5hThTc
83,BB,BTN,SRP,Jc4c,Td8dQc4dJh
84,SB,HJ,4BP,AsQs,5sAdQcTh4d
85,BB,UTG,SRP,KhTh,9s2sTsJdQs
86,BTN,UTG,SRP,8d8c,7sQsAh7c8h
87,BB,SB,SRP,Ac8h,4s5s3h4d8s
88,BB,BTN,3BP,Th9h,4d4sKsKc6s
89,BB,BTN,SRP,6d6c,9sQd5sKc9d
90,BTN,SB,SRP,Th7h,Ac3d5sJsQh
91,BB,BTN,3BP,KhQh,2h8s5sAh2s
92,BTN,SB,3BP,AhQh,Ad6s3hAsTh
93,BTN,BB,3BP,8h8c,8d4d8sAhAc
94,HJ,UTG,SRP,AdQd,As6h2sJsTh
95,CO,HJ,3BP,9c9s,ThJhQh5h6s
96,UTG,BB,SRP,AsKs,9dAc9cTh2c
97,SB,CO,SRP,QdJd,5c3s6c2hAd
98,BB,BTN,3BP,QdJd,6dTs8d5h3c
99,SB,BTN,SRP,AcQc,2s6d3hQh4h
100,SB,BTN,SRP,Ts9s,Kh9hKdJhAd
101,BTN,HJ,3BP,Ac3c,Jc2s5d4d7d
102,HJ,SB,SRP,Ks5s,Ac7cQd3h7d
103,BB,BTN,4BP,7s6s,4sJc8h3c6c
104,BTN,SB,3BP,8h8s,Qs9s6hKdJd
105,BB,BTN,SRP,8d5d,ThQh9c6dJs
106,BB,BTN,4BP,AhKh,9d3dQh9h3c
107,CO,SB,SRP,Jh8h,Ad8c9s4sAc
108,SB,BTN,3BP,Ah8h,5c9cAdQcTd
109,SB,BB,3BP,4h4c,JsJd7d6c2c
110,UTG,BB,SRP,AhTd,TsJhAc3s6h
111,BB,SB,SRP,7h4h,Ad3cAcJcQh
112,UTG,HJ,SRP,AhTh,3h5d5hAsKh
113,BTN,SB,SRP,Qc3c,4s4h3sKc2c
114,CO,BB,SRP,Ah9h,KdQd4dAs2d
115,BB,BTN,4BP,7d6d,8c2sAd8s4c
116,BTN,HJ,SRP,JdJs,QdJcTc7s5d
117,BTN,BB,SRP,TdTc,3cJdAs6hKd
118,BB,HJ,SRP,Td8d,Ks6d7c9s6h
119,CO,BB,SRP,AsKs,7c8cTs4d9h
120,HJ,SB,SRP,KdKs,3c7d6hJh5d
121,BTN,HJ,SRP,TdTh,4hTcAhJh8s
122,SB,BTN,3BP,JhJs,4sKdTsJd3s
123,HJ,BTN,SRP,As2s,Tc4sKc6dQh
124,BTN,BB,SRP,Ac8c,Ah7d9c3s9d
125,HJ,BB,SRP,As3s,9h9sAcKh8c
126,SB,UTG,4BP,AsJs,8c3c4d8d2s
127,BTN,SB,3BP,6c6h,8h6d5cQsQc
128,HJ,UTG,3BP,AhKd,2cTcKs6h6s
129,BB,BTN,3BP,TsTc,5s5dQs8d4h
130,BB,BTN,3BP,AcKc,3hJd6h2cJs
131,SB,CO,SRP,AhQd,4cTcQh5sKc
132,BB,BTN,3BP,AdKh,As2c8hAc8c
133,BTN,SB,SRP,Ks5s,2c3c7s4d2d
134,CO,SB,SRP,AdKc,2h2s3hQc3d
135,BTN,BB,SRP,Jc7c,8sTs7dTd9d
136,BB,UTG,SRP,9d9h,2hThQd9cKc
137,CO,BB,3BP,AhJh,5dAd9h8sAc
138,BTN,UTG,SRP,QsTs,Th7dKc4sJd
139,BB,HJ,SRP,AdJh,Jd7c7dTs5c
140,HJ,BB,3BP,7s7d,3cTsKsQd6h
141,BTN,UTG,SRP,KsJs,8s6h3d9d9s
142,BB,BTN,4BP,TdTs,7c2c5s8sKh
143,CO,BB,SRP,Qh6h,6d6c5sJsTd
144,BB,SB,SRP,QdTc,8dTh2d8cAc
145,CO,UTG,SRP,KhTh,4sKd5c5sQs
146,BB,BTN,3BP,JsJd,4d5h4h6cTh
147,UTG,BTN,SRP,AsQs,5dKcAdTh9h
148,BTN,SB,SRP,Qc8c,Kd3cJdAh2h
149,HJ,BTN,3BP,8c8s,8hJdKcAd7d
150,CO,BTN,SRP,Td8d,Th8sKhJs9c
151,BTN,HJ,SRP,Td9d,4h8cKc9c3h
152,BB,BTN,SRP,Kc9c,5s6c5d9sTd
153,UTG,HJ,SRP,AdTd,2sJh8s3s5d
154,UTG,BB,SRP,6h5h,Kd8h3c4d2d
155,HJ,BB,SRP,Kh7h,8dAhJc3cQd
156,CO,BTN,3BP,Ac9c,Th2c4cQh4d
157,SB,CO,3BP,Ah4h,6sTsAsJs7c
158,HJ,BB,SRP,Kh6h,8s9sAs5c3s
159,BTN,BB,SRP,9s6s,Ac7cJs7s3s
160,SB,CO,SRP,TsTd,KsThQs4c8h
161,SB,HJ,3BP,AhKs,Jh7cKcQs2h
162,SB,BTN,SRP,JhJs,TdKcAcTc4s
163,SB,BTN,SRP,JhTh,3c9h4c4d2s
164,BB,BTN,SRP,Ad3d,2d3h6sJh8s
165,BB,BTN,SRP,Js4s,3c5c2hAd2s
166,BTN,SB,SRP,Ah6s,Jh6d3c8h7d
167,SB,BB,SRP,Qd2d,8h5dJs5h8s
168,SB,BTN,3BP,KhJh,5hAdQh6cTc
169,HJ,BB,3BP,AhQh,TsKdTdQcTh
170,BTN,BB,4BP,QdQs,6hQc8hThJd
171,BB,BTN,SRP,9c7c,7h5hKs8d9d
172,BB,BTN,3BP,JdJc,6c2s8d7s3h
173,SB,BTN,SRP,7c6c,2d8cTsTd6h
174,BTN,BB,SRP,Jd9d,5cTc9sTd8h
175,BTN,UTG,SRP,As9s,9hAh8h9cTh
176,BB,BTN,3BP,Jd9d,Td9s7h3c8h
177,BB,UTG,SRP,AcQc,5cKhJc8h8d
178,BTN,SB,SRP,Js7s,6d7d8s4hKh
179,UTG,BTN,SRP,Ac6c,8dAs5c2c6s
180,BTN,HJ,SRP,Ah9h,9sQsQd7d5d
181,HJ,SB,SRP,Ah2h,3hQhAd2d3c
182,HJ,UTG,3BP,KsJs,7s5hQh8d3c
183,SB,CO,SRP,6h5h,Th4h4s6c2c
184,SB,BTN,SRP,9h9s,8dQh3h9c4h
185,UTG,CO,SRP,AcQc,Jh3s9s7d9c
186,BTN,UTG,SRP,8d8s,Td8c7dQs8h
187,UTG,BB,SRP,Kh6h,3d9sQhTc3h
188,BB,BTN,SRP,AdJd,Ks6sThAsKh
189,BTN,CO,3BP,Qc9c,6d2c9s5sKc
190,BTN,BB,3BP,JdTd,9d6sJc5h9c
191,SB,BTN,SRP,KsTs,3h8h9h7h9d
192,BTN,HJ,SRP,AcJc,8d3d5d4c9d
193,HJ,SB,SRP,5h5d,5c4d5sTcAh
194,BTN,HJ,SRP,8s8d,Ts5h8hKs5c
195,BB,SB,SRP,Ad9d,AcJc9sKh7s
196,BTN,BB,SRP,Ac5c,7cAd2d2c7h
197,HJ,UTG,SRP,AhTh,5d8d5c9hJs
198,BB,CO,4BP,AhQh,2s3sAs8sAc
199,CO,BTN,SRP,Td9d,2c5dKs4c7s
200,SB,BB,3BP,Ac8c,5cQd5h6sAh
201,UTG,BB,SRP,JcTc,AdJd2cTh5h
202,BTN,BB,SRP,Jd5d,8d4d6dTd2s
203,CO,HJ,3BP,Ac5c,AdTs7h7s6h
204,BTN,HJ,SRP,7d7c,9cKs9d4c4h
205,BTN,BB,SRP,Ac5s,Ah8sJd2dTh
206,HJ,BTN,3BP,8s8c,4s8hAc8dQh
207,BTN,BB,3BP,Ks8s,Jc7sKhQc9s
208,BTN,BB,SRP,5c4c,QsTh6sJs2c
209,BTN,HJ,3BP,Ah5h,9c2s7dKcKs
210,HJ,CO,4BP,KhJh,Qs2cTdQhJs
211,SB,BB,SRP,AcJc,Ts5dAh2h2c
212,SB,CO,3BP,AdQs,Qh7s2h5c3h
213,SB,BB,SRP,7c6c,8s9s2c6dTh
214,SB,BTN,SRP,8d7d,6c5d6d9dAh
215,HJ,BTN,SRP,As3s,Ts8cAhKc7s
216,SB,BTN,SRP,AsQs,4d3c5hQc7s
217,BTN,SB,3BP,7h7s,JdJcKd9cQd
218,CO,BTN,SRP,Jh8h,8cAsTdKd9h
219,BTN,BB,SRP,Qh9c,9s2hKsAs9h
220,BB,BTN,SRP,Kd2d,Ks7cJhTs9s
221,BB,UTG,SRP,JsTs,5d4s3d7d7s
222,BTN,BB,3BP,AdKd,5s3s2s7hJs
223,UTG,BB,SRP,AhTc,9s4cQd6c2c
224,HJ,BTN,SRP,Jc9c,2dJs3h8s3d
225,BB,HJ,SRP,5h5d,8c6cAh6hQh
226,SB,BTN,SRP,8d7d,9s6s8sJd3c
227,SB,BTN,3BP,AdAc,4dQd6h9d8h
228,CO,BTN,3BP,4h4c,6c5d4dAd7c
229,BB,SB,3BP,AsAc,7sTsKcKs5h
230,SB,BTN,SRP,KdJd,Kh5c3d8d7s
231,CO,SB,4BP,AdKh,Jd4sQd3hKc
232,HJ,UTG,SRP,Ad5d,KcTc2dAc6s
233,BB,BTN,3BP,QsJs,7c5h8s5s9c
234,HJ,BTN,4BP,AhAs,TdJcJdKhQc
235,SB,BTN,SRP,QsJs,5s5cAdQc9h
236,SB,BB,SRP,QdQs,Ad2d5hKhTs
237,BTN,SB,SRP,Kd8s,3c7sQdJcKs
238,UTG,BTN,SRP,Ah2h,2c3h8d9s5c
239,BTN,BB,3BP,Ad4d,9c5s2s4h4s
240,HJ,UTG,SRP,KdQd,AhQs6dJc6c
241,BTN,UTG,SRP,Ac9c,As5sJhTcAd
242,HJ,BB,SRP,AcTc,As7d2c2h3s
243,HJ,BTN,3BP,5d5h,Th3h9d6s8c
244,UTG,BTN,SRP,JhJs,KdJd6d9dAs
245,BTN,SB,SRP,KcJh,Jd7cKhThAd
246,HJ,BTN,SRP,AcJd,As7hKcAdQd
247,BB,SB,SRP,Js8s,Kd3sKh9s4h
248,BB,BTN,4BP,AsAd,2cJhAcKh8h
249,CO,BTN,3BP,5h5s,Qc4cJdKh2s
250,BB,CO,3BP,6c7c,2hKd2d4dKc
251,HJ,BTN,SRP,Ad6d,8cQc9s4c4s
252,HJ,SB,SRP,QsQd,Qc6dAsThTd
253,CO,HJ,3BP,AhQh,4d8hJs8sKc
254,BB,SB,SRP,Kh2h,3d5c9h7h2c
255,CO,UTG,SRP,KsTs,6h2c2sAh6d
256,BB,HJ,SRP,9c9s,5c4h4sKdTd
257,BB,SB,SRP,3c3d,QsQhAsJd7h
258,BTN,HJ,SRP,Ah9h,4c6c2h4d8d
259,BTN,CO,4BP,AsAc,6sKs2d4h8s
260,BTN,BB,4BP,AdJd,5cKs6cKc7d
261,BB,SB,SRP,Qc5c,Qs2hJdTh5d
262,HJ,SB,3BP,6h5h,4h4c3dTh3c
263,HJ,BTN,SRP,AsQh,QcQsJhKc3c
264,BTN,BB,SRP,Td9d,Ac5cKc5d8h
265,HJ,BTN,SRP,KdKc,9sKs8h8dQh
266,CO,BTN,3BP,JhJc,8h6hAsAd7d
267,CO,BTN,3BP,Ac5c,AsJd6d3d3s
268,CO,UTG,SRP,Ac4c,Qh5s2c2sQd
269,BB,SB,SRP,Qh8h,4hJdJs7s6c
270,CO,BB,SRP,Kc3c,Jd8s7d6d4h
271,UTG,BB,SRP,As5s,3hThAc3c3s
272,BTN,SB,SRP,Tc8c,JcJsTs3s2d
273,BB,BTN,SRP,8s8c,6c9sKc6hQh
274,BTN,CO,3BP,Kd9d,QhJcKc7s5c
275,HJ,CO,3BP,AdTd,6d5cQh6s9s
276,CO,SB,SRP,AsKs,8dAd4hThKd
277,SB,CO,SRP,AsQc,7dTc8s6h9h
278,BB,BTN,SRP,Qd9d,5c5h6s6hAs
279,SB,BB,SRP,QcQd,Ad3h7hAh3s
280,CO,BB,SRP,Kh3h,7h4sQc9c5c
281,BB,UTG,SRP,KcJc,KsTh4h5d5h
282,SB,CO,3BP,JcTc,Kc9c2d8h6c
283,SB,CO,3BP,QsJs,KdThJd3h9d
284,SB,BTN,SRP,6c5c,6dKc9s8s9c
285,BTN,BB,SRP,6s5s,8s9h5h3sQh
286,UTG,BB,SRP,As9s,JsTs3dQs4d
287,BB,HJ,SRP,Ks5s,9d9c5dTdAs
288,BTN,SB,SRP,As3s,Ks4s9s3d2s
289,BTN,HJ,SRP,7s7h,7dQh2h8s3s
290,BTN,SB,SRP,Ah2h,AdAc8sTcKh
291,UTG,BTN,SRP,6c5c,2c2d7sTcAc
292,BTN,HJ,3BP,AdKs,Kh7c9s4d8s
293,UTG,BB,SRP,AcQh,8sKcTh5d8c
294,BB,BTN,SRP,8d7d,3d9s3cAdQs
295,BTN,HJ,3BP,QdQh,Ad6c9hAs7h
296,BB,BTN,3BP,AhKd,2sTs8cQdAc
297,SB,CO,SRP,TsTc,7cKd8h8d7h
298,CO,HJ,3BP,AhTh,QsKc8s6h8c
299,BTN,CO,4BP,Jd9d,5d5s3cJs9h
300,HJ,BTN,3BP,JcJd,Ac9hKcJs5s
301,BTN,SB,SRP,QsJs,6c8h2c7c5h
302,BB,BTN,4BP,KsQs,5c5h3h2c6d
303,BTN,HJ,3BP,7d6d,7s6sAsAd7c
304,SB,BB,SRP,Td6d,6h2cAs8d2d
305,CO,BTN,SRP,Ah9d,Ac7s4c3c9h
306,BTN,UTG,SRP,Ad9d,8h8s9sQd5s
307,BB,SB,SRP,Kd5d,AcQsQc2h8c
308,UTG,BB,SRP,Ks6s,As5dAh9s2d
309,UTG,BB,SRP,6d6s,9h5c6h2d8d
310,CO,BTN,SRP,8h8d,KdThJc7hKs
311,BB,HJ,SRP,Ad7d,5sJs8hTdQh
312,CO,SB,SRP,5s4s,Jd6d8d3h5h
313,BTN,CO,4BP,Tc9c,Kc8hKh4s9s
314,BB,SB,SRP,8s6s,5s6hTsTdKc
315,CO,SB,SRP,AsTs,Ac8s3sQs8d
316,BB,UTG,SRP,5s5h,4h3dKcTcQd
317,SB,BB,3BP,KsTs,2h7c4h9sKh
318,CO,BB,4BP,As2s,6d6sTsTh5d
319,BB,SB,SRP,Jc7c,4hQc7hJd7s
320,CO,BTN,4BP,AdTd,6d3cJc3s7d
321,BB,BTN,3BP,Tc8c,Qc8s2sJc2d
322,CO,BTN,SRP,Ks5s,Kd4h6d6c4c
323,HJ,UTG,SRP,AdTd,4s2hJs6h3c
324,BTN,HJ,SRP,AcQd,2h2cAs4s4h
325,BB,BTN,3BP,9h8h,7hTdJs8sQh
326,UTG,BB,SRP,KcQc,2s7h3h4c8c
327,CO,BTN,SRP,AhAc,9dKdAd2sTd
328,SB,BB,SRP,Ac4d,4cKdKs9s9c
329,BB,HJ,SRP,9d9s,9h4sTh9cTc
330,BB,HJ,3BP,KdQd,5h4h3d8s2s
331,CO,SB,3BP,Jd9d,Ks7cAcTh4s
332,BB,UTG,SRP,As2s,Ad4c8c7d3h
333,BTN,HJ,SRP,AdTd,3dKh3sJs2h
334,BTN,SB,3BP,KdJd,5d6h8h5sQd
335,BB,CO,3BP,QhJh,Th9d5h4cTs
336,BTN,SB,SRP,4s4d,6dAsThAhKc
337,UTG,HJ,SRP,AcKc,9dJc7s6cJs
338,HJ,UTG,SRP,KsTs,JdKd3s3c3d
339,CO,UTG,SRP,Ah5h,Qs5dTd2hAs
340,BTN,BB,SRP,AdQd,8c2c7d6h9c
341,SB,CO,4BP,JsTs,Kc2sTh2h7s
342,BB,SB,SRP,8s6s,8c5h9cQc9d
343,HJ,SB,SRP,AcAh,6c9s7d5sAs
344,SB,BB,SRP,Ks6s,QcKd9s2c9h
345,CO,BTN,3BP,6s6h,8dAhQdTc3c
346,BB,UTG,SRP,Ac9c,Kc3c8c4s3d
347,UTG,BTN,SRP,TcTs,9s7d3hTd9h
348,CO,BTN,SRP,6s7s,5sTcAhKd8c
349,BB,SB,SRP,Ks9d,4s9cJd9s3s
350,BTN,SB,4BP,AcKs,Qd8s6dAsKc
351,CO,SB,SRP,As9s,4h5s7d5dAh
352,BB,SB,4BP,TsTd,6sTh2c6dJs
353,SB,BTN,3BP,9d9h,Kc6d9s2c3h
354,HJ,BTN,SRP,KhTc,Jd3h9cJh2h
355,CO,UTG,SRP,KhQh,7s9dJdTc7c
356,CO,SB,SRP,AhQh,2d4h8c4d3d
357,BTN,BB,SRP,Ts9h,9s5sJhQh5h
358,BTN,HJ,3BP,As8s,9dTs3h5d2s
359,BB,BTN,SRP,3d3h,Ah2hJc5d5s
360,BB,SB,SRP,9c7c,6c6hJhTc8s
361,BTN,BB,SRP,As2s,6hTc7cTs3d
362,UTG,CO,SRP,AcQc,QhTs2dJs4d
363,BB,SB,SRP,QcTd,KhAd3cTc6d
364,SB,HJ,3BP,TsTd,4hKh8s3h7d
365,CO,BB,SRP,QdQc,8dKhKcQsAh
366,BB,BTN,3BP,JhTh,8dAc4s7c6h
367,BB,BTN,SRP,As8s,7d5c4dJs6c
368,CO,BB,SRP,JcTc,5cAsJh9dQs
369,BTN,SB,3BP,QdJd,7cKsTs7s4d
370,BTN,BB,SRP,AhQh,Ac6s6d7cJd
371,UTG,BB,SRP,8h8s,KhJd5c2dAs
372,HJ,UTG,3BP,KdKs,TsKh8s3sQc
373,SB,CO,SRP,7h7c,As8d8c3hTd
374,CO,BB,3BP,AdQh,3d8cJd7s5h
375,HJ,UTG,SRP,Ad5d,2h9cQc7c3s
376,BB,SB,SRP,As5s,5h8s6s4d4s
377,SB,BTN,SRP,4h4c,AcJdAhJsJh
378,BTN,BB,SRP,Ad2c,4h7c9s6sJh
379,BB,BTN,3BP,AdQs,JsQdAc9hTd
380,CO,UTG,SRP,9h9s,Ad7h8c4s5s
381,BB,HJ,3BP,Tc9c,Jh9s4d6c3h
382,BTN,BB,SRP,6h5h,8c5c6s2d8d
383,BB,HJ,SRP,JhJd,4s9h8c5h7s
384,HJ,UTG,SRP,As5s,4h4dKsQc4s
385,BB,BTN,SRP,AsTs,2d3h2c4hKc
386,BTN,CO,3BP,Ad5d,6cQh4h6hQc
387,BTN,HJ,3BP,AdJh,JdAh2s7hQc
388,CO,BTN,3BP,Tc9c,Td7d4sJsQs
389,BB,BTN,3BP,Jh8h,2cQd8sTdKc
390,UTG,BB,SRP,8s8h,Kc7dQs8cAd
391,CO,BB,SRP,Qc6c,9c9d4h5d6h
392,BTN,CO,3BP,As7s,2cThQd9sAd
393,CO,BB,3BP,QcQh,AcTcJs8hAh
394,BB,SB,SRP,6c6h,QhJdKcQs4d
395,HJ,CO,3BP,9d9s,3s4s9c7h6h
396,BB,HJ,3BP,QcTc,9hKsQh3dTs
397,HJ,BTN,3BP,JsTs,JdTc9s7h9h
398,HJ,BB,3BP,QdTd,8hAh8dJh8s
399,BTN,HJ,3BP,KcQd,8hQsKsAd2s
400,HJ,BB,SRP,8d8h,Td6sJcAsQd
401,BTN,SB,SRP,Qc9d,5h6s3cKdKs
402,BTN,SB,4BP,QdQs,8dTc7s5c4h
403,BB,UTG,SRP,JsTs,Qh5c5dThAh
404,BB,SB,SRP,6c3c,4hQc7hAd4d
405,CO,SB,SRP,Js9s,9h3d2d4s8d
406,CO,BTN,4BP,JdTd,KhTc3d8hAc
407,CO,BB,3BP,TcTd,Qd8cJh3dTh
408,BTN,BB,4BP,AcAd,KsKc4h3s8s
409,SB,BTN,4BP,TcTs,7c7dAhTh8s
410,SB,BTN,SRP,KcQc,2d6c9d4h2h
411,BB,BTN,4BP,AhQs,Td6hAsTsKh
412,UTG,BB,SRP,AdTh,5h6h3cAs6c
413,UTG,CO,SRP,JdTd,6c5s6h7s8h
414,SB,BTN,SRP,KsTs,5cQcKd2c2h
415,CO,BB,3BP,5s5c,3h9hQhKd3s
416,BTN,SB,SRP,Ad6s,8dJcKc7cTh
417,BB,BTN,SRP,AsJs,7h4c9cJc2h
418,BB,CO,3BP,AsQs,TcJd3d4c7h
419,CO,BB,3BP,KsTs,8sJc2d4h3d
420,SB,BB,SRP,5h4h,5sKsKdJdQs
421,BB,HJ,3BP,Ah3h,9s9dKs9cJd
422,SB,BTN,4BP,6c5c,4s8sTh6d7s
423,SB,BB,SRP,Ad4c,KdQd2dJcJs
424,HJ,BB,SRP,Ac3c,8c3d2s2h5s
425,CO,BTN,SRP,AdKh,AcQcAs4hJs
426,SB,BTN,3BP,AhJs,4cAdQh5dJh
427,BB,BTN,SRP,Td6d,TsJc5hAs6c
428,SB,BB,SRP,5d3d,QhJd5cAh7d
429,BB,BTN,SRP,Kd8d,2hQhKc2d2c
430,BB,BTN,SRP,As7s,AhTc2hQdKc
431,HJ,SB,SRP,5c5s,4h3h7h4s6h
432,HJ,BB,3BP,6s6d,7d2dKc9d6c
433,BTN,BB,3BP,AhJh,TdKc4d4c4s
434,BTN,HJ,3BP,QdQs,9sKs4d8d5h
435,BTN,BB,SRP,QdTd,2c3cQcKcAd
436,UTG,CO,SRP,JcJh,As4s3c5d9h
437,HJ,BTN,4BP,KcKh,6c9s3hTd5h
438,BB,HJ,SRP,8h6h,6d3c5c8c4d
439,UTG,HJ,SRP,6h5h,Td5d2cJc2d
440,BB,BTN,SRP,6s6c,7d8hQh6d5s
441,BB,BTN,SRP,Kd9d,2c2d4dQsQc
442,HJ,UTG,SRP,TsTh,2s7d3s9c6h
443,BTN,SB,3BP,9h8h,5hQc6h6sAc
444,BB,CO,3BP,KcQc,3dKhThQs2c
445,BB,SB,SRP,As7s,KhJc7dTd5d
446,BB,HJ,3BP,QdJd,QsQc3d2h5d
447,BB,HJ,SRP,QsJh,7d5h8dJcJd
448,UTG,BTN,SRP,9h9d,9c7c4s3s8s
449,CO,BB,SRP,QdQh,2cQs2sKc7d
450,BTN,UTG,SRP,9h9d,9c9sTc4sQh
451,SB,CO,SRP,KdTd,7dJd3h9h6h
452,CO,BB,3BP,AcTc,TdJd9c3h3d
453,SB,BTN,SRP,8h8s,QdKsQs4dAh
454,BTN,BB,SRP,6h5h,2sQd5d8h6s
455,UTG,CO,SRP,KsKc,9hJs5s7d4s
456,BTN,BB,SRP,Td6d,9cKhKs3s8c
457,SB,BB,SRP,AsJs,Kh4c8s2d4s
458,CO,BTN,SRP,AdKc,AcKsKdJc8c
459,BTN,BB,4BP,Kh7h,3sKsKd9c3d
460,UTG,BB,SRP,QdJd,3c5hAhAd7s
461,BTN,HJ,SRP,AdJd,3c5dJc5hTs
462,CO,BTN,3BP,AhJh,Qh3h6sJdTd
463,BTN,UTG,3BP,KhTh,Td4s6cQcJs
464,BTN,HJ,SRP,8s8d,6cQs7dTcJh
465,BB,BTN,3BP,KsQs,8s9hAcThJd
466,BB,BTN,SRP,Ac8h,Qc9sQhKcJh
467,UTG,BB,SRP,Ad4d,2s8c7c9cAs
468,HJ,BTN,SRP,6c5c,2sAhAs7hJc
469,HJ,BTN,3BP,JcTc,2h7dAdKsQd
470,BTN,BB,3BP,9s9c,9dKs5s4d6c
471,CO,HJ,3BP,AhQh,Tc3sAc5sJh
472,CO,BB,SRP,JdTc,Th3s8c8hKs
473,UTG,BTN,3BP,TdTs,JsQhAdAcAh
474,UTG,BB,SRP,Kh8h,KcTs5sTd7s
475,HJ,UTG,SRP,AdQc,2s3dQsJc3c
476,BB,HJ,3BP,Td9d,Th6h6c8c7h
477,UTG,HJ,SRP,KhKs,7h5c8s2sJh
478,SB,CO,SRP,JdTd,6h4d9h8cTs
479,HJ,SB,4BP,KcTc,5d2dQc8c9c
480,HJ,UTG,SRP,Ac5c,5h7s8s3c6d
481,CO,SB,SRP,Th9h,5s9s3d4c2h
482,BB,HJ,SRP,5s4s,2cQhQsKdAh
483,SB,BB,SRP,2c2s,8d9dKd5h3d
484,BTN,SB,SRP,6s6d,Ks8c8hAd8d
485,BTN,BB,SRP,5s5d,8h2dQs4h3c
486,SB,CO,3BP,JhTh,Qc6c7d7sKs
487,BB,SB,SRP,6h4h,2dJd2h2sTh
488,UTG,BB,SRP,7s7c,As5d8s9s2c
489,BTN,SB,SRP,9c6c,7d6s9s2s7c
490,BB,HJ,SRP,7c7h,3sJs9cQcKc
491,BTN,UTG,SRP,AhTh,Js8h9s2c7s
492,CO,BB,SRP,9d9c,2s6c7d8h4h
493,UTG,BTN,SRP,JcTc,5c7hAhThKs
494,BB,BTN,4BP,KhQh,5cAdAcQsKs
495,BTN,SB,SRP,As8d,3h7h8c6d9d
496,CO,BTN,3BP,TdTc,8d9h3s4cAs
497,BB,SB,SRP,Ah4h,Ad4sKd8s4c
498,UTG,BB,SRP,QsTs,7hJd6d4h7s
499,HJ,BB,4BP,KcTc,QcJdKd3d5c
500,BTN,UTG,SRP,7s7d,8c8hJd5dTh
501,BB,BTN,4BP,TcTh,Qh7sJs9sTd
502,CO,BB,SRP,6d6s,4s7s3sJc2d
503,BTN,HJ,SRP,AsQs,Qh7c9s4c2h
504,UTG,BB,SRP,QcQd,8d9cQsJhAs
505,BTN,BB,3BP,Ac9c,As8sKc7s7d
506,BTN,BB,SRP,7s7c,9hQcKcAsQh
507,UTG,BB,SRP,Ah4h,9h5cTh8d6c
508,CO,BB,3BP,AhTh,TsAd3d2sJs
509,HJ,BTN,SRP,Kc9c,Kh3d4d5s4c
510,BB,CO,3BP,JcTc,7s5s2h4hTh
511,BTN,UTG,SRP,KcJc,QcAcTs2s6d
512,BTN,CO,3BP,Qh9h,Qd9cJh9d4s
513,SB,BB,3BP,KsJs,3cKhTh5d2s
514,HJ,SB,SRP,Ah5h,4d6h7h3sKs
515,HJ,BB,3BP,AsKd,Ts7h5dAh7d
516,BTN,BB,3BP,7h7s,8sQsTc5h9s
517,CO,BB,SRP,6c7c,3h2s8cQh5h
518,UTG,BTN,SRP,Kh8h,5dThKsJd2h
519,HJ,BB,3BP,AdKd,5hQd5d2cTh
520,BB,HJ,3BP,QcQs,9s5h7s3c4c
521,UTG,BTN,SRP,KdQc,3d3h8cQh8d
522,SB,CO,SRP,AsQh,Qc9c9d9hJd
523,HJ,SB,SRP,Ad4d,Qs4hJdAh7h
524,CO,BB,3BP,7d7s,3d2h8h4d6d
525,UTG,BB,SRP,Ah3h,7c7s7dKdAc
526,CO,UTG,SRP,As5s,6h8dAc9c5c
527,CO,BTN,3BP,8h8s,3dTd6c9sTc
528,BTN,BB,SRP,KhQh,8h4hKs9h6c
529,SB,BTN,3BP,As5s,6sQhJcAd7c
530,SB,BTN,SRP,Ah4h,2s8cJh9c6s
531,BB,BTN,SRP,Kd8d,KsJd2cTd8c
532,BTN,HJ,3BP,KsKc,4d3s2c9sJh
533,CO,BB,3BP,AcTc,8cKs7s5h4c
534,BTN,BB,3BP,5s4s,3h8dTs2s5c
535,SB,BTN,SRP,Ts9s,KhTd9hAs3c
536,BB,BTN,SRP,As7h,3sJh6dJc8c
537,BTN,HJ,SRP,7s7c,Th3c3hKc3s
538,CO,SB,SRP,Qd9d,4dJdJc3h7c
539,HJ,UTG,SRP,KsTs,JcAdTc4d9s
540,BB,SB,SRP,7d5d,6c5s9c2cJd
541,BB,UTG,SRP,5d3d,Ah5hTd7dQc
542,SB,BTN,SRP,5h5d,Jc2hQsKd9h
543,BTN,BB,SRP,QsJd,Ad4sAs9h2d
544,CO,HJ,3BP,AcJc,6cAh3dKsQh
545,BB,BTN,4BP,ThTd,Ah4d8s5s9c
546,CO,BB,SRP,4c4s,Kc5dKd7d8s
547,BB,BTN,3BP,5s4s,6dJdTdKd4c
548,BTN,HJ,SRP,TdTc,Kd4c2c2hTh
549,CO,BTN,SRP,JsTs,Qh6h8dJc6s
550,BTN,CO,3BP,QsJs,4s3sQc7c3c
551,HJ,BTN,SRP,As3s,3dAcTd4hQc
552,BB,SB,SRP,Jc6c,5d4cKhTcJd
553,UTG,BTN,SRP,KdQd,5sAs6d5hKc
554,BB,SB,SRP,Ad7d,3c5c9cAh2d
555,SB,BB,SRP,Ks8s,Kc7dAcJd4c
556,BTN,BB,SRP,Qd7d,KcKd2d2h5d
557,SB,UTG,4BP,AhJh,QdJsKc8s2d
558,CO,BB,SRP,7c7s,6d3h6h9d2s
559,BTN,BB,SRP,Td7d,AdQh7c7s2h
560,CO,BTN,SRP,As5s,Qh2h6sTs2s
561,BTN,HJ,3BP,Th9h,3hQs4d6c9c
562,HJ,BB,SRP,Kd7d,9d6s5s3h4c
563,SB,BTN,SRP,7h6h,6c9h9s5cAh
564,BTN,SB,SRP,Ah4h,9hKhQh5hAs
565,HJ,SB,SRP,AsAh,5cJsJdQsTd
566,BTN,SB,3BP,Ad8d,7c2cTs5s3h
567,CO,BB,SRP,8s8c,7d5c9d5hTc
568,SB,CO,SRP,Td9d,Qd7hQs8s9h
569,BB,BTN,SRP,Th9c,TcKd6h2s2d
570,BTN,BB,3BP,8c8d,7d9h2sTd3h
571,BTN,SB,SRP,Qs5s,5dJs6cKhTs
572,CO,BTN,3BP,5s5d,3s3dKd5hAh
573,SB,CO,3BP,TcTs,Jc4h4sTh4c
574,SB,BTN,SRP,QcTc,3hQs3cAs5c
575,CO,SB,3BP,KsQs,6s7s7hAhJd
576,HJ,CO,3BP,TsTh,JsTc8sKcJc
577,BB,SB,SRP,Jd9d,JcJh4c8d2s
578,BTN,SB,SRP,9s9c,2d7s9h4s4c
579,BTN,BB,SRP,Kd8d,6c8h3s4h7c
580,BB,UTG,SRP,Th8h,Ah8c2hKsTd
581,UTG,CO,SRP,AsKs,ThQcKh3h5c
582,UTG,BTN,SRP,ThTc,4s5dKh9dKc
583,CO,SB,SRP,Ah9h,4c7s3h2d6d
584,BTN,BB,4BP,AsJs,Jh5c9c7d6d
585,CO,BB,SRP,KdJs,Ks6sJhAc7h
586,SB,BTN,3BP,AcQc,2dTc2sTs7s
587,BB,BTN,3BP,AhKd,5h3c9d3h7h
588,BB,CO,3BP,Jc9c,Qh4sKc2s2d
589,BB,SB,SRP,KhJc,5c2sJh4s3d
590,BTN,BB,SRP,Qc4c,4sQd5c5s4d
591,BB,HJ,4BP,Tc9c,Jd7d8dAhQd
592,BTN,BB,3BP,QsJs,5dJcQdAhJd
593,BTN,BB,SRP,Ad2d,Kd9d9h5sTs
594,UTG,BB,SRP,KdQs,8h5dQd3c6s
595,CO,BTN,SRP,Qs9s,Qh9h6hKhAd
596,BB,HJ,SRP,Td7d,Kd6d7s3s8c
597,UTG,HJ,SRP,AhTh,4h8d7c2sAd
598,UTG,CO,SRP,6d5d,AsAd6s5h3h
599,BB,SB,SRP,Ts7s,5c7h5d7dTc
600,CO,BB,SRP,Kd7d,As8s8h2c6h
601,SB,BTN,SRP,8s7s,2h6d8h7dJh
602,BTN,CO,3BP,Jc9c,Td6dAc6c2s
603,BB,BTN,4BP,TcTs,9dQhTdAcQc
604,HJ,UTG,3BP,AhAd,Jh6d4hJc8d
605,BTN,BB,3BP,Jc9c,8h7h4s6d6c
606,HJ,BTN,SRP,AdKh,4sQd2c9c5s
607,BB,UTG,SRP,6s6d,Kh4d4sAd2d
608,UTG,BB,SRP,Ac6c,3hQs3c6hQh
609,SB,BB,SRP,8s5s,7d6c7h8d9s
610,SB,BTN,4BP,8s8d,JdTd9s8cQc
611,BB,CO,4BP,Ts9s,4c5d7d9hAc
612,CO,BB,SRP,Kc6c,9c6s3h2s8s
613,BTN,CO,3BP,AsKh,JsQs2hAd5s
614,CO,SB,SRP,AdKc,QcJs9sAs7h
615,BB,HJ,3BP,Ah5h,9s6c5c2s4c
616,BTN,HJ,SRP,KcQc,QsJc8h8d7c
617,SB,BTN,3BP,Ad4d,4c4hQc3h4s
618,HJ,UTG,SRP,AdTd,TcAh5c3h3c
619,HJ,BTN,SRP,Kd9d,3sTc3c3hJs
620,SB,BTN,3BP,KcTc,JcQh9sAdQc
621,CO,BTN,3BP,7d7c,4hKhQh8hJh
622,SB,BB,SRP,KhJh,Kd5h3cKs4d
623,SB,CO,3BP,9h9d,Qh7c2dQs3c
624,SB,BB,4BP,JsJh,Th5dKh2c5c
625,BB,CO,4BP,JcTc,5d9s4s2h2d
626,SB,BTN,SRP,AdTd,Tc2cJc8cQh
627,BB,BTN,SRP,AcTs,5sTc6s2s7c
628,BB,CO,4BP,AsQs,Jh7hThKh3s
629,SB,BB,SRP,Td9d,Ac5d9hThJc
630,BB,BTN,4BP,Tc9c,4d9d6s3dTs
631,BTN,BB,3BP,Kc8c,5sTc4d5d4c
632,BTN,BB,SRP,2d2s,As9d3s5s6d
633,BTN,UTG,SRP,JsJd,8dAc8s3hAh
634,BTN,BB,3BP,6s6d,Jd4d6cKdQc
635,BTN,HJ,SRP,KhQh,3c6d4sTs8c
636,HJ,BTN,SRP,QsJh,TdQcAd4h2s
637,BTN,HJ,3BP,As4s,Ks7dQc3sAd
638,HJ,CO,3BP,JcJh,9cKc6s3h4s
639,SB,CO,3BP,6s5s,Qs7cAs7d6h
640,CO,BB,SRP,KhQh,Qd4hAh4c6s
641,CO,SB,SRP,Kh6h,2d2h7hKc8s
642,BTN,HJ,3BP,Ts9s,9dQs7d4hQc
643,CO,BB,SRP,Ac9s,2d8h3c7sKd
644,BB,CO,3BP,AsAd,2d5s8s3dAc
645,BB,BTN,3BP,Ts9s,Kh7sKd2h5d
646,BTN,BB,SRP,Tc9c,Ks6c7dAsTs
647,CO,BTN,SRP,4d4s,7c7h4hQd3c
648,SB,BTN,3BP,7s7h,2c4cJcAc2s
649,CO,BTN,4BP,KcTc,8sAc8cAh9h
650,SB,BB,SRP,AdJs,Jh2h5d2d6s
651,SB,BTN,SRP,Ah5h,9dTdTc8s2d
652,BB,CO,3BP,Js9s,2d8s6h5hKh
653,BTN,UTG,SRP,AcJc,2h3cKsKd9d
654,BTN,CO,3BP,JsTs,TcJd6c9cAh
655,BTN,CO,3BP,Qh9h,6c3c4s9d2c
656,UTG,CO,SRP,KdQd,Td6cAc9dQh
657,BTN,BB,3BP,Ah4h,5dKs7d7hQh
658,SB,BB,3BP,Ah5h,2s8d5c7d3h
659,BB,CO,3BP,AcAd,4s9d6h8dJh
660,BB,HJ,SRP,7h6h,JcKc4c3c4s
661,SB,BTN,SRP,JhJs,8cQs3dTd3h
662,BB,CO,4BP,AdQd,5c9h6d4d7s
663,UTG,BTN,SRP,6d6s,2d3s6c7h5d
664,UTG,CO,SRP,9c9s,2sJs7h2cTd
665,UTG,HJ,SRP,Ks9s,Js8cQsJd9h
666,BB,BTN,3BP,Ad5c,3d4c8d3s6c
667,HJ,BB,4BP,AhAd,Js2sKcTc3h
668,BB,SB,SRP,KsTd,Qc3h5s6h5h
669,BB,CO,3BP,6h5h,4d9sKc9dJh
670,CO,SB,SRP,Qc8c,JhKcAc2h6s
671,SB,BTN,SRP,7d7s,Ad2dTdKd4d
672,SB,BB,SRP,4s4h,As9dJsKs3h
673,BTN,CO,3BP,QcJc,JsAs7hKd5h
674,BB,SB,3BP,Kh9s,3hKs7sKd6c
675,UTG,BB,SRP,6c5c,6hJh7dAh2d
676,BTN,BB,SRP,7c6c,2c2h6d3cTs
677,HJ,UTG,SRP,AhTh,4h8c7c6c9d
678,BB,BTN,3BP,JsTs,4c5sTc2c5h
679,BTN,BB,SRP,Tc8c,AdQh3sJc7c
680,SB,BTN,3BP,QdJd,3hKd6c6sTd
681,CO,UTG,SRP,AhQh,Ks8d2s3c6c
682,SB,CO,SRP,QsQh,Tc3s5h6sTh
683,BTN,BB,SRP,Ah2h,4d8c2dAs5c
684,CO,BB,SRP,5h5d,4d8s8hKs3h
685,BB,SB,3BP,6d5d,8h8dJc3dJh
686,CO,SB,3BP,9d9c,TdJh6c7h6h
687,BB,HJ,SRP,Ad7d,4s3c2d2sTd
688,UTG,CO,SRP,Th9h,9s2sJdQsAd
689,BB,UTG,4BP,QcQh,TsKs6s2hQs
690,UTG,BTN,SRP,QdQh,9s5cKhKs8h
691,BB,CO,3BP,JcTc,Ad3h9h4c6h
692,CO,UTG,SRP,AhQh,4c2d3c5dQd
693,SB,BB,SRP,Jc9c,Qc7s7c7hAs
694,BB,SB,SRP,QdJd,8c6sJsQcKd
695,BTN,BB,3BP,KdTd,Ac5s4h3s6h
696,BTN,BB,3BP,KcQh,Jc6d2h5hJs
697,BB,HJ,SRP,5h5c,7s6s6cKdQh
698,UTG,BB,SRP,6d5d,Kc9d2c7s5h
699,BTN,HJ,SRP,AhTh,6d3s8s4hQh
700,BB,BTN,SRP,AcTc,3s9s7d2c2h
701,HJ,UTG,3BP,AdQd,7cKs8s8c5s
702,BB,HJ,SRP,2c2h,Js7cAc3hKs
703,SB,BTN,SRP,QdTd,6d6sJh3c4s
704,BTN,CO,4BP,AcAd,AhKd3h3s3c
705,CO,UTG,SRP,TdTc,Ad4dAs6c9c
706,CO,BB,3BP,6s7s,8d2dAsQc2s
707,SB,BB,4BP,Ah3h,Qs2hQc4h6d
708,CO,BB,3BP,JsJh,5sAc5cJc5d
709,HJ,BB,SRP,AcJs,2dJd6c6hQs
710,SB,BTN,SRP,4s4h,8s4dQcTh8h
711,SB,BTN,SRP,QsJs,Ts2c7sQhJh
712,BTN,SB,SRP,9d7d,Ah5d4dThKs
713,UTG,HJ,SRP,JhTh,Ad5c9sAs7h
714,HJ,BB,3BP,TcTd,Qc3s5cQd7s
715,CO,BTN,3BP,6c6h,Qh3sTd6sAc
716,HJ,BB,SRP,AhJc,Jd2hKd9c2d
717,BTN,BB,SRP,KsQs,9d8d5c6h3d
718,HJ,UTG,SRP,KsTs,2s9c7c6dAh
719,HJ,CO,3BP,6h5h,7hJcAs7d8c
720,HJ,BTN,3BP,TsTc,Qs8s4cAdKs
721,HJ,SB,SRP,KsJs,3h2dJh6d9d
722,BTN,SB,3BP,AhJh,4c5h6cQdQc
723,HJ,BB,SRP,KhQh,2s9s7h5cQc
724,BB,BTN,SRP,Ac7s,9s3c9dTsKc
725,HJ,UTG,SRP,Ad4d,Ks2d5c5hKd
726,SB,BB,SRP,6h6s,4hAsJh4c8d
727,BTN,BB,SRP,KcTd,AsJhTs4d5s
728,CO,SB,SRP,KsJs,Qh9hTc4dKc
729,SB,BTN,SRP,KhTh,7h9hTdTs6h
730,HJ,BB,SRP,JhTh,3cKs7sKh5d
731,BTN,SB,3BP,JsJh,Kh9c5dQhJd
732,CO,HJ,3BP,As5s,4h3dQd8h5h
733,HJ,BTN,3BP,Td9d,6c8sKdKs9s
734,CO,UTG,SRP,9s9d,7sTd2c8h6c
735,BB,SB,SRP,Ts6s,8s4h5c2h7s
736,BTN,HJ,3BP,Th9h,4sQd9c9sQs
737,SB,BB,SRP,Kd8s,4dKc4hAh3s
738,SB,CO,SRP,JsTs,KdJd5cQs6h
739,HJ,BTN,3BP,KhQh,7c3c7sTcQd
740,BTN,BB,SRP,Th9h,Qs6hJsAd9s
741,HJ,BB,SRP,QsTs,TcKdQh4hQc
742,UTG,BTN,SRP,6h6c,Ah5c8dAdQh
743,BB,BTN,3BP,TcTh,5sTs4dTd5h
744,SB,BTN,SRP,TdTc,TsKd9c3cTh
745,BTN,SB,SRP,KcTs,9sQcKh5d5h
746,BB,UTG,SRP,8s7s,Kd9d3hQhAc
747,HJ,UTG,SRP,99,Ts8cKh9d9h
748,BTN,SB,SRP,Ah4h,ThKsQc3s7s
749,UTG,BB,SRP,Ac6c,7c8dThQdKc
750,BB,CO,3BP,Ac3c,QsTcJs4c5d
751,BTN,SB,SRP,Kc8h,Qh4h6c5d6h
752,UTG,BB,SRP,AdQh,2dJd5c4hJh
753,CO,BTN,3BP,TsTh,7sKs9dQsAh
754,HJ,UTG,SRP,AhQc,7s3sKcTcAd
755,BB,SB,3BP,JsJc,9hQd9cJh2d
756,BB,BTN,4BP,AhQh,Kd4c4d7cJc
757,CO,BB,SRP,KcJc,AcJd6d5hQc
758,SB,BTN,SRP,KsQs,4sQd2cTs2h
759,HJ,SB,SRP,Tc9c,9h7s6hTs5s
760,SB,CO,SRP,AdTd,6dAhAc5d9d
761,SB,CO,SRP,TsTc,TdQh5hKcTh
762,CO,UTG,SRP,TcTd,5sAh2cQh5d
763,UTG,BB,SRP,KcJc,KsJsJhThJd
764,CO,UTG,SRP,AhTh,JsTdAc4d6c
765,BB,CO,4BP,AhKh,9h6cQs2hQh
766,BTN,BB,SRP,Ad7h,9d7s3dJs8c
767,UTG,BTN,SRP,KhQh,3cAs2c9c9d
768,HJ,BB,4BP,KhTh,Ah6sQh3cJs
769,SB,BB,SRP,Kc6c,JhKdJd4sAs
770,CO,BTN,SRP,AdQd,5hAc3h9cAs
771,HJ,SB,SRP,Kh9h,7sQd4dTc4c
772,SB,BTN,3BP,6s5s,Ts5c5h2cJs
773,BB,SB,3BP,5h4h,Kh8s8cQc8h
774,BTN,BB,3BP,9c8c,9h9dAc3d8d
775,BTN,SB,4BP,AsAc,9sKd7cTh7s
776,CO,BB,SRP,AcKh,7h9cTh4s7c
777,UTG,HJ,SRP,AdKc,AhKh2d5c5h
778,UTG,CO,SRP,ThTs,2c9sKd8s2h
779,SB,CO,4BP,AdKd,5s8cJc5hTs
780,BTN,CO,4BP,AdKd,7hJc6hQhKc
781,CO,SB,SRP,AdQc,9h5c3d8d7d
782,BB,UTG,SRP,Ah2h,9c7sTdAcJh
783,BB,BTN,4BP,ThTd,7hQs6s2c5h
784,BB,HJ,SRP,AsQs,8s5sAc5c2h
785,SB,HJ,3BP,KsJs,5s3sKh9dKd
786,BB,SB,SRP,Kd3d,9h9s9cQsTs
787,UTG,HJ,SRP,KcKh,Js7h7cQc7s
788,CO,SB,SRP,Qh9h,6hQs6d2dQd
789,BB,HJ,4BP,QsQh,6d4hAd7hAs
790,BTN,BB,SRP,Js9s,Ts5dAhJhTh
791,HJ,SB,SRP,7d7c,Td2hQd7hKh
792,BB,HJ,SRP,4s4c,5s8s8c5cQd
793,SB,CO,SRP,8s8c,4h2hQd7c6s
794,HJ,BTN,3BP,9s9d,3dQh9hKc9c
795,SB,BB,SRP,8h6h,2c5c7s4s9c
796,BB,SB,SRP,KsQh,4dJh3s4s2s
797,BB,SB,SRP,Jd9d,8d7s9c6hQd
798,CO,BB,SRP,6s7s,AcQsAhAdTh
799,UTG,HJ,SRP,AcQc,Qd8cTc9hKc
800,SB,BB,SRP,As8s,JcKdAdAh9h
801,CO,BTN,3BP,Ad5d,Ah6cJs5h3s
802,CO,BB,4BP,Ks9s,7h9d3c8h7c
803,BB,UTG,SRP,4s4c,Kd6dAs8hTs
804,BTN,BB,SRP,3h3d,Kd4h4dJc8s
805,BTN,UTG,SRP,JcJs,2sJhKcTs6d
806,UTG,CO,SRP,9h9c,8d9dQdKhAd
807,BTN,CO,3BP,7d6d,7c9dTd2s4h
808,BB,SB,3BP,Jh4h,9h3s7h5s6c
809,UTG,HJ,SRP,AhTs,5dJcTh8hKc
810,CO,BB,3BP,5d5s,JsQs9s7s7d
811,CO,HJ,3BP,TcTs,QsKs2h6c2s
812,SB,BB,SRP,AhKh,Qs6cAdQhKd
813,UTG,CO,SRP,Ac5c,2s3c2h6h5d
814,BB,UTG,SRP,TdTh,5c8s8hJs6c
815,HJ,BB,SRP,AdTd,6cAhJc5sJd
816,BTN,UTG,SRP,AhTh,7sAcAs9c2c
817,CO,BB,SRP,8d8c,9c6d2hAh8h
818,HJ,UTG,4BP,AsJs,8h5c4c6hQc
819,SB,CO,SRP,QsJs,Ad2s9c6cTs
820,SB,BB,SRP,9c8c,6cJsKd8h8s
821,SB,CO,3BP,KcQc,TcTd7d8s3h
822,SB,CO,SRP,QdJd,4c8s2d7s9d
823,SB,BTN,3BP,KsQd,Jh7hThQhTs
824,CO,BB,SRP,AcAd,Qc3h9s8s2c
825,CO,BB,SRP,Qh7h,9h4hKh8d2h
826,SB,BB,3BP,Jc8c,9d7h7cAcKh
827,UTG,HJ,SRP,QhJh,QsJdKh5h4c
828,HJ,BB,SRP,Kc8c,6h4s5d9d5h
829,BB,BTN,SRP,Qs4s,QdJc6d3hKh
830,BTN,SB,SRP,Qs5s,9d7dTd9sKd
831,HJ,UTG,SRP,AhQd,3s6c5c9hKd
832,UTG,CO,SRP,Ac9c,6sThQdKhQs
833,CO,BB,SRP,AcKc,2d5s9d3d6h
834,BTN,SB,SRP,Ah9h,8h3s3d4hAs
835,BTN,SB,SRP,Ah8s,KsTcAs5cJd
836,BTN,CO,3BP,As2s,JhAd4hTh7c
837,CO,BTN,SRP,AsJc,5s3h4sKs6d
838,UTG,HJ,3BP,AhQh,Ac8s7s3s8c
839,BB,BTN,SRP,QsTs,9dKh7d4h5c
840,BB,SB,SRP,AdJc,4d9dJdTd4h
841,HJ,BB,SRP,8s8c,JcQh8hTcKd
842,SB,BTN,SRP,9d9h,2sAc6c8s7s
843,CO,BTN,4BP,AsTs,Js6d6h4hKc
844,CO,SB,3BP,ThTc,Td8h4h2c9h
845,UTG,CO,SRP,Ah9h,Tc5d9c5sJc
846,CO,UTG,SRP,KhQh,5hKdQsAd7h
847,CO,BB,SRP,AdJd,Qh5d4d5c3s
848,UTG,HJ,SRP,JsJd,4s9cAcKs9s
849,BTN,BB,SRP,JdTc,8s5h9c6sKs
850,UTG,BB,SRP,JcTc,Ks9dAhKh2h
851,BTN,CO,3BP,Ac6c,3c9sQsTcAh
852,BTN,CO,3BP,KsKd,7d5hAs2h3h
853,BTN,BB,SRP,Qc4c,3c6s9dKs8c
854,BTN,SB,3BP,KhJh,6dKcAs6c7c
855,BTN,UTG,SRP,AcQh,4hAd5dKcJc
856,BTN,SB,SRP,Qc9h,TcAs6dJd8s
857,BTN,BB,SRP,Ts9s,4d4s5dJdJh
858,CO,BB,SRP,KcQd,9s2cKdJhAs
859,HJ,SB,SRP,AdJc,5s7h8hJs4c
860,BB,BTN,SRP,Qd2d,QhJdAcKd5s
861,BTN,SB,3BP,AcTc,Qs4h3d4sQh
862,BB,BTN,3BP,TcTs,AhAc6h8c4s
863,BTN,BB,SRP,7s7d,9h7c4sTd5c
864,BB,BTN,3BP,JdTd,7c8c8s2s9d
865,HJ,BB,SRP,6h5h,7c7d4sQsKc
866,SB,CO,3BP,Ac5c,Kd4cJh4h5d
867,BTN,BB,SRP,Ac2c,AsJc3hAdTc
868,CO,BTN,SRP,QdJs,3dTs4c2h6c
869,BTN,CO,3BP,KhKc,Tc4hJh4d2d
870,HJ,SB,SRP,AsTs,7d4dKcQhJh
871,BB,UTG,SRP,JhTh,8sJc3sTdAc
872,HJ,BB,SRP,AdTd,4h9dAcKhTc
873,HJ,SB,SRP,KdTc,JdAsQh4hKc
874,UTG,BB,SRP,As8s,2h5d7s4s4c
875,BB,SB,3BP,Jd9d,JhQd9cTdKs
876,SB,BB,SRP,8d8h,AdTd3s7cJc
877,UTG,CO,SRP,Ad6d,TsTh6c4h5d
878,HJ,CO,3BP,9h9d,Qs5sJs3s5c
879,BTN,BB,3BP,JhJc,8hThQsAh9c
880,BTN,SB,SRP,9h6h,8sAhAs3c5s
881,BTN,BB,4BP,KcKs,6d5h2c3c8h
882,UTG,HJ,SRP,6h6d,6c9c4h7s2d
883,UTG,HJ,3BP,6h6c,6sQdAhKhJh
884,BTN,BB,SRP,Ad9s,2dAsQh9h9d
885,UTG,CO,SRP,AsJh,Js6h6dAc2h
886,BTN,CO,3BP,6c5c,QcTc7d6sAc
887,SB,BTN,SRP,AdTd,JcQs2c6s2h
888,BB,SB,SRP,Ks4s,Kd2d8d9d9c
889,SB,BTN,SRP,AcJc,Jh3cKs5hAs
890,SB,BTN,4BP,6s6h,8s3dKc3sQh
891,BTN,CO,3BP,Ah6h,JhAd6c6s5s
892,BB,BTN,3BP,AsKd,JcQs4hAd9c
893,BB,CO,3BP,6c5c,3hKs3s6h6s
894,BB,BTN,SRP,7h5h,Ts9dTc3s2h
895,BTN,SB,SRP,Td9c,2d2c5s7h3h
896,SB,BTN,4BP,6s6c,8d4c9d8cQs
897,SB,BB,SRP,AdJd,Jc5h9c4cJs
898,BB,UTG,SRP,Ks9s,JdThKh3h6d
899,CO,HJ,3BP,Ah5h,9sTh6dQs6h
900,SB,BB,SRP,AdQc,AhKdQd6h4h
901,HJ,BTN,SRP,Kc9c,QdKsAd8sJc
902,BTN,SB,SRP,Qh9c,QdKc8hJh5c
903,CO,BTN,3BP,8h8c,2s5s3sKs8d
904,BB,SB,SRP,QcJc,7hQsTdTc5c
905,BB,CO,3BP,Ad3d,8h6c6hKh8d
906,CO,UTG,SRP,AhTh,4h4d9cTcAs
907,UTG,CO,SRP,AcQh,8dJcJh2d7c
908,BB,BTN,3BP,QhQd,3c3dJs7sKc
909,SB,BB,SRP,Ah2s,Th6s6d3hJd
910,UTG,HJ,SRP,Ac9c,Ah2s4hAs2h
911,BTN,UTG,SRP,QdTd,2sQh6h3d9c
912,UTG,HJ,SRP,Kd8d,6s8sQc7h4c
913,UTG,HJ,4BP,KhQh,7c5dJcAs9d
914,CO,BB,SRP,QcJd,Jh8s6d5d4h
915,UTG,BB,SRP,Td9d,TcAd6sKd4c
916,SB,BTN,4BP,AsQs,9d8s5c4cTh
917,HJ,BB,SRP,Js9s,Ts7d8c2c5h
918,BB,UTG,SRP,8h7h,2dTs4dKhQd
919,BTN,CO,3BP,6h5h,JhQhTcAdAh
920,HJ,BB,4BP,KhTh,Qc4c4sQd8s
921,BB,BTN,SRP,Tc9h,6s7dQcTsKs
922,UTG,BB,SRP,Kd6d,Ks3sTd5d5s
923,CO,UTG,SRP,AsQh,3s3hQsJh3d
924,SB,BB,SRP,QcJh,AsKd9hQdKs
925,BTN,SB,SRP,AcQh,Kh9s9h2dTc
926,BTN,SB,SRP,8h8s,9cJhKs9d3s
927,CO,SB,SRP,As7s,9d2c4hAd9s
928,BTN,UTG,SRP,AsQh,Qd5sThAd3c
929,BB,UTG,SRP,6h6d,JcQs3s4dAc
930,SB,HJ,4BP,AhJh,6s5sKd6d7s
931,CO,HJ,3BP,KdQs,Jc5d5cAc9s
932,HJ,BB,SRP,Jd9d,7hTc7d8c8d
933,BB,CO,3BP,KcKd,3s7cJhQc7d
934,HJ,SB,SRP,6h5h,5d8cQsJdAh
935,CO,SB,SRP,Qc6c,QdQs3c8s4s
936,UTG,HJ,SRP,AdTs,9d3h4hJsJh
937,BB,BTN,SRP,Ks9h,6s6dTcKd7d
938,UTG,CO,SRP,Ac7c,AhJsQcJh8s
939,BTN,UTG,SRP,8h8c,9d9cJc5d3s
940,HJ,BTN,3BP,AhJh,9cKcKsTh3h
941,BTN,BB,SRP,AsKd,6s8s2sJs2d
942,BTN,BB,SRP,KhJs,6dKdTdQc9d
943,HJ,CO,3BP,8c8s,3cTsTc8h3h
944,HJ,SB,SRP,Tc8c,5dQc9cKsTs
945,BB,SB,3BP,5h4h,3d4c9sAh2d
946,CO,UTG,SRP,KhQh,8sKc6c7s9c
947,HJ,BB,SRP,QcQh,8sKs4cAcJc
948,BB,HJ,3BP,Ah4h,6dQs2c3h5h
949,BB,SB,3BP,JsJc,Jh7d2hKhTd
950,BTN,HJ,3BP,Td9d,Th7c5h5c2c
951,HJ,UTG,3BP,9h9d,As5d5s4c4s
952,UTG,SB,3BP,8s8d,KhQs3h8cAd
953,CO,SB,4BP,KsKh,2c6d7c7hKd
954,UTG,CO,3BP,8s8d,QhQd5h8c4c
955,BTN,UTG,SRP,AsTs,5c2s3d7s4h
956,SB,BTN,SRP,6h5h,Ts6dAc8cQd
957,UTG,BB,SRP,AsTh,8s8hAd9sKs
958,BTN,BB,SRP,Kc8h,Ts5sJcQh3d
959,CO,BTN,4BP,Ah4h,Jd3dJh3s5c
960,BB,BTN,3BP,9h8h,3sJd2s8dJs
961,BTN,BB,SRP,AcJd,4hJs9c8hJh
962,BB,SB,SRP,Ks4s,8s8c7cJhTd
963,CO,UTG,SRP,6s5s,Jc2c9s9c2d
964,SB,CO,3BP,AcQc,KcKd9h3c6s
965,BTN,BB,SRP,Kh3h,9d2hKc4c4h
966,BTN,UTG,3BP,QdQs,9s2d8hTd7s
967,SB,BB,SRP,Qc7c,JcAd2h9s2d
968,BTN,BB,SRP,AhTh,As4cAc9d3c
969,BB,BTN,SRP,Qc8c,Ts2hTh5d3s
970,BB,SB,SRP,Jh9h,7c3s2dAd9c
971,UTG,BTN,SRP,KcQd,5s4h3dThTc
972,BTN,SB,SRP,As6c,6h9c2d5c5h
973,HJ,BTN,SRP,As7s,2cTd7h9dTs
974,CO,HJ,3BP,KsQd,9h6c4sAd5s
975,CO,UTG,SRP,8d8s,9dTc6cKhAc
976,CO,BB,SRP,AsJs,TcQh7cAh8c
977,SB,CO,3BP,9c9s,7c3h9d4h2s
978,CO,HJ,3BP,JhJc,8hKh7s6d2s
979,SB,BB,SRP,QsTs,Jh7s4h6s2d
980,BTN,SB,3BP,6h7h,AsJhQh2h6c
981,BTN,SB,3BP,6s5s,JdJh2c9c9s
982,CO,BB,SRP,AdKd,Qh4s5h2c6c
983,SB,BTN,3BP,KhQh,7s2sKc6s5h
984,UTG,HJ,SRP,6h5h,7sAs5dKs5c
985,UTG,HJ,SRP,JdJs,Jc3d5h9h4c
986,BTN,SB,SRP,Qs8s,3sTc8h8c9d
987,UTG,BTN,SRP,Kd9d,4d7s9s7c3c
988,HJ,BTN,3BP,8s8d,9c3hAs8c7h
989,CO,BB,3BP,Ac4c,5d3c3h4h7s
990,SB,HJ,3BP,JsJh,3cAsQs9h9s
991,BTN,SB,SRP,AcQs,4cTs6cKh6d
992,HJ,BTN,SRP,As2s,6h8d7dAd5c
993,UTG,BB,SRP,KhJh,2dJcJs7h5c
994,CO,BB,SRP,5h4h,7sQcKd6sAd
995,CO,UTG,SRP,JsJd,5h2sQdKsAs
996,SB,BTN,4BP,QdTd,6s3s3cKcAh
997,BTN,HJ,SRP,AhQd,9h6cTs2d3d
998,UTG,BTN,SRP,As3s,4c5h9d8h2h
999,SB,BB,SRP,QhTh,Qd7h7d9cTs
1000,BB,BTN,SRP,3h3c,Js2d5s6c3s
